Quality_min,Initial,Initial_avg,Before,Before_avg,After,After_avg,Topological,Topological_reject,Contraction,Contraction_reject,Insertion,Insertion_reject,Smoothing,Smoothing_reject,Ignore
-8.000000,-4.479033,-1.173155,-4.494214,-1.173613,-4.494214,-1.173613,nan,nan,nan,nan,nan,nan,nan,nan
-8.000000,-4.479033,-1.173155,-4.509433,-1.174172,-4.509433,-1.174172,nan,nan,nan,nan,nan,nan,nan,nan
-8.000000,-4.479033,-1.173155,-4.524701,-1.174832,-4.524701,-1.174832,nan,nan,nan,nan,nan,nan,nan,nan
-8.000000,-4.479033,-1.173155,-4.540002,-1.175593,-4.540002,-1.175593,nan,nan,nan,nan,nan,nan,nan,nan
-8.000000,-4.479033,-1.173155,-4.555335,-1.176456,-4.555335,-1.176456,nan,nan,nan,nan,nan,nan,nan,nan
-8.000000,-4.479033,-1.173155,-4.570716,-1.177419,-4.570716,-1.177419,nan,nan,nan,nan,nan,nan,nan,nan
-8.000000,-4.479033,-1.173155,-4.586129,-1.178484,-4.586129,-1.178484,nan,nan,nan,nan,nan,nan,nan,nan
-8.000000,-4.479033,-1.173155,-4.601581,-1.179650,-4.601581,-1.179650,nan,nan,nan,nan,nan,nan,nan,nan
-8.000000,-4.479033,-1.173155,-4.617077,-1.180917,-4.617077,-1.180917,nan,nan,nan,nan,nan,nan,nan,nan
-8.000000,-4.479033,-1.173155,-4.632611,-1.182284,-4.632611,-1.182284,nan,nan,nan,nan,nan,nan,nan,nan
-8.000000,-4.479033,-1.173155,-4.648176,-1.183753,-4.648176,-1.183753,nan,nan,nan,nan,nan,nan,nan,nan
-8.000000,-4.479033,-1.173155,-4.663784,-1.185323,-4.663784,-1.185323,nan,nan,nan,nan,nan,nan,nan,nan
-8.000000,-4.479033,-1.173155,-4.679430,-1.186993,-4.679430,-1.186993,nan,nan,nan,nan,nan,nan,nan,nan
-8.000000,-4.479033,-1.173155,-4.695119,-1.188764,-4.695119,-1.188764,nan,nan,nan,nan,nan,nan,nan,nan
-8.000000,-4.479033,-1.173155,-4.710846,-1.190637,-4.710846,-1.190637,nan,nan,nan,nan,nan,nan,nan,nan
-8.000000,-4.479033,-1.173155,-4.726603,-1.192610,-4.726603,-1.192610,nan,nan,nan,nan,nan,nan,nan,nan
-8.000000,-4.479033,-1.173155,-4.742408,-1.194683,-4.742408,-1.194683,nan,nan,nan,nan,nan,nan,nan,nan
-8.000000,-4.479033,-1.173155,-4.758243,-1.196858,-4.758243,-1.196858,nan,nan,nan,nan,nan,nan,nan,nan
-8.000000,-4.479033,-1.173155,-4.774114,-1.199133,-4.774114,-1.199133,nan,nan,nan,nan,nan,nan,nan,nan
-8.000000,-4.479033,-1.173155,-4.790028,-1.201509,-4.790028,-1.201509,nan,nan,nan,nan,nan,nan,nan,nan
-8.000000,-4.479033,-1.173155,-4.805973,-1.203986,-4.805973,-1.203986,nan,nan,nan,nan,nan,nan,nan,nan
-8.000000,-4.479033,-1.173155,-4.821955,-1.206563,-4.821955,-1.206563,nan,nan,nan,nan,nan,nan,nan,nan
-8.000000,-4.479033,-1.173155,-4.837979,-1.209242,-4.837979,-1.209242,nan,nan,nan,nan,nan,nan,nan,nan
-8.000000,-4.479033,-1.173155,-4.854038,-1.212021,-4.854038,-1.212021,nan,nan,nan,nan,nan,nan,nan,nan
-8.000000,-4.479033,-1.173155,-4.870140,-1.214901,-4.870140,-1.214901,nan,nan,nan,nan,nan,nan,nan,nan
-8.000000,-4.479033,-1.173155,-4.886278,-1.217881,-4.886278,-1.217881,nan,nan,nan,nan,nan,nan,nan,nan
-8.000000,-4.479033,-1.173155,-4.902446,-1.220962,-4.902446,-1.220962,nan,nan,nan,nan,nan,nan,nan,nan
-8.000000,-4.479033,-1.173155,-4.918654,-1.224144,-4.918654,-1.224144,nan,nan,nan,nan,nan,nan,nan,nan
-8.000000,-4.479033,-1.173155,-4.934897,-1.227427,-4.934897,-1.227427,nan,nan,nan,nan,nan,nan,nan,nan
-8.000000,-4.479033,-1.173155,-4.951170,-1.230811,-4.951170,-1.230811,nan,nan,nan,nan,nan,nan,nan,nan
-8.000000,-4.479033,-1.173155,-4.967491,-1.234295,-4.967491,-1.234295,nan,nan,nan,nan,nan,nan,nan,nan
-8.000000,-4.479033,-1.173155,-4.983842,-1.237880,-4.983842,-1.237880,nan,nan,nan,nan,nan,nan,nan,nan
-8.000000,-4.479033,-1.173155,-5.000239,-1.241566,-5.000239,-1.241566,nan,nan,nan,nan,nan,nan,nan,nan
-8.000000,-4.479033,-1.173155,-5.016666,-1.245353,-5.016666,-1.245353,nan,nan,nan,nan,nan,nan,nan,nan
-8.000000,-4.479033,-1.173155,-5.033122,-1.249241,-5.033122,-1.249241,nan,nan,nan,nan,nan,nan,nan,nan
-8.000000,-4.479033,-1.173155,-5.049625,-1.253230,-5.049625,-1.253230,nan,nan,nan,nan,nan,nan,nan,nan
-8.000000,-4.479033,-1.173155,-5.066156,-1.257320,-5.066156,-1.257320,nan,nan,nan,nan,nan,nan,nan,nan
-8.000000,-4.479033,-1.173155,-5.082721,-1.261511,-5.082721,-1.261511,nan,nan,nan,nan,nan,nan,nan,nan
-8.000000,-4.479033,-1.173155,-5.099327,-1.265802,-5.099327,-1.265802,nan,nan,nan,nan,nan,nan,nan,nan
-8.000000,-4.479033,-1.173155,-5.115968,-1.270195,-5.115968,-1.270195,nan,nan,nan,nan,nan,nan,nan,nan
-8.000000,-4.479033,-1.173155,-5.132650,-1.274689,-5.132650,-1.274689,nan,nan,nan,nan,nan,nan,nan,nan
-8.000000,-4.479033,-1.173155,-5.149361,-1.279285,-5.149361,-1.279285,nan,nan,nan,nan,nan,nan,nan,nan
-8.000000,-4.479033,-1.173155,-5.166107,-1.283981,-5.166107,-1.283981,nan,nan,nan,nan,nan,nan,nan,nan
-8.000000,-4.479033,-1.173155,-5.182893,-1.288779,-5.182893,-1.288779,nan,nan,nan,nan,nan,nan,nan,nan
-8.000000,-4.479033,-1.173155,-5.199711,-1.293678,-5.199711,-1.293678,nan,nan,nan,nan,nan,nan,nan,nan
-8.000000,-4.479033,-1.173155,-5.216558,-1.298678,-5.216558,-1.298678,nan,nan,nan,nan,nan,nan,nan,nan
-8.000000,-4.479033,-1.173155,-5.233451,-1.303780,-5.233451,-1.303780,nan,nan,nan,nan,nan,nan,nan,nan
-8.000000,-4.479033,-1.173155,-5.250373,-1.308983,-5.250373,-1.308983,nan,nan,nan,nan,nan,nan,nan,nan
-8.000000,-4.479033,-1.173155,-5.267335,-1.314288,-5.267335,-1.314288,nan,nan,nan,nan,nan,nan,nan,nan
-8.000000,-4.479033,-1.173155,-5.284331,-1.319695,-5.284331,-1.319695,nan,nan,nan,nan,nan,nan,nan,nan
-8.000000,-4.479033,-1.173155,-5.301361,-1.325203,-5.301361,-1.325203,nan,nan,nan,nan,nan,nan,nan,nan
-8.000000,-4.479033,-1.173155,-5.318426,-1.330813,-5.318426,-1.330813,nan,nan,nan,nan,nan,nan,nan,nan
-8.000000,-4.479033,-1.173155,-5.335523,-1.336525,-5.335523,-1.336525,nan,nan,nan,nan,nan,nan,nan,nan
-8.000000,-4.479033,-1.173155,-5.352659,-1.342339,-5.352659,-1.342339,nan,nan,nan,nan,nan,nan,nan,nan
-8.000000,-4.479033,-1.173155,-5.369830,-1.348254,-5.369830,-1.348254,nan,nan,nan,nan,nan,nan,nan,nan
-8.000000,-4.479033,-1.173155,-5.387035,-1.354272,-5.387035,-1.354272,nan,nan,nan,nan,nan,nan,nan,nan
-8.000000,-4.479033,-1.173155,-5.404274,-1.360392,-5.404274,-1.360392,nan,nan,nan,nan,nan,nan,nan,nan
-8.000000,-4.479033,-1.173155,-5.421545,-1.366615,-5.421545,-1.366615,nan,nan,nan,nan,nan,nan,nan,nan
-8.000000,-4.479033,-1.173155,-5.438857,-1.372939,-5.438857,-1.372939,nan,nan,nan,nan,nan,nan,nan,nan
-8.000000,-4.479033,-1.173155,-5.456201,-1.379366,-5.456201,-1.379366,nan,nan,nan,nan,nan,nan,nan,nan
-8.000000,-4.479033,-1.173155,-5.473579,-1.385896,-5.473579,-1.385896,nan,nan,nan,nan,nan,nan,nan,nan
-8.000000,-4.479033,-1.173155,-5.490990,-1.392528,-5.490990,-1.392528,nan,nan,nan,nan,nan,nan,nan,nan
-8.000000,-4.479033,-1.173155,-5.508435,-1.399263,-5.508435,-1.399263,nan,nan,nan,nan,nan,nan,nan,nan
-8.000000,-4.479033,-1.173155,-5.525919,-1.406100,-5.525919,-1.406100,nan,nan,nan,nan,nan,nan,nan,nan
-8.000000,-4.479033,-1.173155,-5.543438,-1.413041,-5.543438,-1.413041,nan,nan,nan,nan,nan,nan,nan,nan
-8.000000,-4.479033,-1.173155,-5.560990,-1.420084,-5.560990,-1.420084,nan,nan,nan,nan,nan,nan,nan,nan
-8.000000,-4.479033,-1.173155,-5.578573,-1.427231,-5.578573,-1.427231,nan,nan,nan,nan,nan,nan,nan,nan
-8.000000,-4.479033,-1.173155,-5.596195,-1.434481,-5.596195,-1.434481,nan,nan,nan,nan,nan,nan,nan,nan
-8.000000,-4.479033,-1.173155,-5.613852,-1.441835,-5.613852,-1.441835,nan,nan,nan,nan,nan,nan,nan,nan
-8.000000,-4.479033,-1.173155,-5.631542,-1.449291,-5.631542,-1.449291,nan,nan,nan,nan,nan,nan,nan,nan
-8.000000,-4.479033,-1.173155,-5.649265,-1.456852,-5.649265,-1.456852,nan,nan,nan,nan,nan,nan,nan,nan
-8.000000,-4.479033,-1.173155,-5.667021,-1.464516,-5.667021,-1.464516,nan,nan,nan,nan,nan,nan,nan,nan
-8.000000,-4.479033,-1.173155,-5.684817,-1.472284,-5.684817,-1.472284,nan,nan,nan,nan,nan,nan,nan,nan
-8.000000,-4.479033,-1.173155,-5.702644,-1.480156,-5.702644,-1.480156,nan,nan,nan,nan,nan,nan,nan,nan
-8.000000,-4.479033,-1.173155,-5.720511,-1.488132,-5.720511,-1.488132,nan,nan,nan,nan,nan,nan,nan,nan
-8.000000,-4.479033,-1.173155,-5.738405,-1.496212,-5.738405,-1.496212,nan,nan,nan,nan,nan,nan,nan,nan
-8.000000,-4.479033,-1.173155,-5.756332,-1.504397,-5.756332,-1.504397,nan,nan,nan,nan,nan,nan,nan,nan
-8.000000,-4.479033,-1.173155,-5.774298,-1.512686,-5.774298,-1.512686,nan,nan,nan,nan,nan,nan,nan,nan
-8.000000,-4.479033,-1.173155,-5.792298,-1.521080,-5.792298,-1.521080,nan,nan,nan,nan,nan,nan,nan,nan
-8.000000,-4.479033,-1.173155,-5.810336,-1.529579,-5.810336,-1.529579,nan,nan,nan,nan,nan,nan,nan,nan
-8.000000,-4.479033,-1.173155,-5.828406,-1.538182,-5.828406,-1.538182,nan,nan,nan,nan,nan,nan,nan,nan
-8.000000,-4.479033,-1.173155,-5.846509,-1.546891,-5.846509,-1.546891,nan,nan,nan,nan,nan,nan,nan,nan
-8.000000,-4.479033,-1.173155,-5.864646,-1.555705,-5.864646,-1.555705,nan,nan,nan,nan,nan,nan,nan,nan
-8.000000,-4.479033,-1.173155,-5.882816,-1.564624,-5.882816,-1.564624,nan,nan,nan,nan,nan,nan,nan,nan
-8.000000,-4.479033,-1.173155,-5.901025,-1.573649,-5.901025,-1.573649,nan,nan,nan,nan,nan,nan,nan,nan
-8.000000,-4.479033,-1.173155,-5.919265,-1.582779,-5.919265,-1.582779,nan,nan,nan,nan,nan,nan,nan,nan
-8.000000,-4.479033,-1.173155,-5.937539,-1.592016,-5.937539,-1.592016,nan,nan,nan,nan,nan,nan,nan,nan
-8.000000,-4.479033,-1.173155,-5.955845,-1.601358,-5.955845,-1.601358,nan,nan,nan,nan,nan,nan,nan,nan
-8.000000,-4.479033,-1.173155,-5.974192,-1.610806,-5.974192,-1.610806,nan,nan,nan,nan,nan,nan,nan,nan
-8.000000,-4.479033,-1.173155,-5.992572,-1.620361,-5.992572,-1.620361,nan,nan,nan,nan,nan,nan,nan,nan
-8.000000,-4.479033,-1.173155,-6.010982,-1.630023,-6.010982,-1.630023,nan,nan,nan,nan,nan,nan,nan,nan
-8.000000,-4.479033,-1.173155,-6.029432,-1.639791,-6.029432,-1.639791,nan,nan,nan,nan,nan,nan,nan,nan
-8.000000,-4.479033,-1.173155,-6.047909,-1.649666,-6.047909,-1.649666,nan,nan,nan,nan,nan,nan,nan,nan
-8.000000,-4.479033,-1.173155,-6.066425,-1.659648,-6.066425,-1.659648,nan,nan,nan,nan,nan,nan,nan,nan
-8.000000,-4.479033,-1.173155,-6.084974,-1.669737,-6.084974,-1.669737,nan,nan,nan,nan,nan,nan,nan,nan
-8.000000,-4.479033,-1.173155,-6.103563,-1.679934,-6.103563,-1.679934,nan,nan,nan,nan,nan,nan,nan,nan
-8.000000,-4.479033,-1.173155,-6.122184,-1.690239,-6.122184,-1.690239,nan,nan,nan,nan,nan,nan,nan,nan
-8.000000,-4.479033,-1.173155,-6.140840,-1.700651,-6.140840,-1.700651,nan,nan,nan,nan,nan,nan,nan,nan
-8.000000,-4.479033,-1.173155,-6.159526,-1.711171,-6.159526,-1.711171,nan,nan,nan,nan,nan,nan,nan,nan
-8.000000,-4.479033,-1.173155,-6.178245,-1.721799,-6.178245,-1.721799,nan,nan,nan,nan,nan,nan,nan,nan
-8.000000,-4.479033,-1.173155,-6.197002,-1.732536,-6.197002,-1.732536,nan,nan,nan,nan,nan,nan,nan,nan
-8.000000,-4.479033,-1.173155,-6.215792,-1.743381,-6.215792,-1.743381,nan,nan,nan,nan,nan,nan,nan,nan
-8.000000,-4.479033,-1.173155,-6.234618,-1.754335,-6.234618,-1.754335,nan,nan,nan,nan,nan,nan,nan,nan
-8.000000,-4.479033,-1.173155,-6.253482,-1.765399,-6.253482,-1.765399,nan,nan,nan,nan,nan,nan,nan,nan
-8.000000,-4.479033,-1.173155,-6.272382,-1.776571,-6.272382,-1.776571,nan,nan,nan,nan,nan,nan,nan,nan
-8.000000,-4.479033,-1.173155,-6.291312,-1.787853,-6.291312,-1.787853,nan,nan,nan,nan,nan,nan,nan,nan
-8.000000,-4.479033,-1.173155,-6.310272,-1.799244,-6.310272,-1.799244,nan,nan,nan,nan,nan,nan,nan,nan
-8.000000,-4.479033,-1.173155,-6.329270,-1.810745,-6.329270,-1.810745,nan,nan,nan,nan,nan,nan,nan,nan
-8.000000,-4.479033,-1.173155,-6.348304,-1.822357,-6.348304,-1.822357,nan,nan,nan,nan,nan,nan,nan,nan
-8.000000,-4.479033,-1.173155,-6.367375,-1.834078,-6.367375,-1.834078,nan,nan,nan,nan,nan,nan,nan,nan
-8.000000,-4.479033,-1.173155,-6.386483,-1.845910,-6.386483,-1.845910,nan,nan,nan,nan,nan,nan,nan,nan
-8.000000,-4.479033,-1.173155,-6.405618,-1.857853,-6.405618,-1.857853,nan,nan,nan,nan,nan,nan,nan,nan
-8.000000,-4.479033,-1.173155,-6.424787,-1.869907,-6.424787,-1.869907,nan,nan,nan,nan,nan,nan,nan,nan
-8.000000,-4.479033,-1.173155,-6.443992,-1.882072,-6.443992,-1.882072,nan,nan,nan,nan,nan,nan,nan,nan
-8.000000,-4.479033,-1.173155,-6.463235,-1.894349,-6.463235,-1.894349,nan,nan,nan,nan,nan,nan,nan,nan
-8.000000,-4.479033,-1.173155,-6.482515,-1.906737,-6.482515,-1.906737,nan,nan,nan,nan,nan,nan,nan,nan
-8.000000,-4.479033,-1.173155,-6.501829,-1.919237,-6.501829,-1.919237,nan,nan,nan,nan,nan,nan,nan,nan
-8.000000,-4.479033,-1.173155,-6.521180,-1.931849,-6.521180,-1.931849,nan,nan,nan,nan,nan,nan,nan,nan
-8.000000,-4.479033,-1.173155,-6.540568,-1.944574,-6.540568,-1.944574,nan,nan,nan,nan,nan,nan,nan,nan
-8.000000,-4.479033,-1.173155,-6.559983,-1.957411,-6.559983,-1.957411,nan,nan,nan,nan,nan,nan,nan,nan
-8.000000,-4.479033,-1.173155,-6.579433,-1.970361,-6.579433,-1.970361,nan,nan,nan,nan,nan,nan,nan,nan
-8.000000,-4.479033,-1.173155,-6.598919,-1.983425,-6.598919,-1.983425,nan,nan,nan,nan,nan,nan,nan,nan
-8.000000,-4.479033,-1.173155,-6.618443,-1.996602,-6.618443,-1.996602,nan,nan,nan,nan,nan,nan,nan,nan
-8.000000,-4.479033,-1.173155,-6.638005,-2.009892,-6.638005,-2.009892,nan,nan,nan,nan,nan,nan,nan,nan
-8.000000,-4.479033,-1.173155,-6.657603,-2.023297,-6.657603,-2.023297,nan,nan,nan,nan,nan,nan,nan,nan
-8.000000,-4.479033,-1.173155,-6.677233,-2.036816,-6.677233,-2.036816,nan,nan,nan,nan,nan,nan,nan,nan
-8.000000,-4.479033,-1.173155,-6.696901,-2.050449,-6.696901,-2.050449,nan,nan,nan,nan,nan,nan,nan,nan
-8.000000,-4.479033,-1.173155,-6.716599,-2.064197,-6.716599,-2.064197,nan,nan,nan,nan,nan,nan,nan,nan
-8.000000,-4.479033,-1.173155,-6.736334,-2.078060,-6.736334,-2.078060,nan,nan,nan,nan,nan,nan,nan,nan
-8.000000,-4.479033,-1.173155,-6.756104,-2.092038,-6.756104,-2.092038,nan,nan,nan,nan,nan,nan,nan,nan
-8.000000,-4.479033,-1.173155,-6.775912,-2.106132,-6.775912,-2.106132,nan,nan,nan,nan,nan,nan,nan,nan
-8.000000,-4.479033,-1.173155,-6.795759,-2.120342,-6.795759,-2.120342,nan,nan,nan,nan,nan,nan,nan,nan
-8.000000,-4.479033,-1.173155,-6.815638,-2.134668,-6.815638,-2.134668,nan,nan,nan,nan,nan,nan,nan,nan
-8.000000,-4.479033,-1.173155,-6.835554,-2.149111,-6.835554,-2.149111,nan,nan,nan,nan,nan,nan,nan,nan
-8.000000,-4.479033,-1.173155,-6.855507,-2.163670,-6.855507,-2.163670,nan,nan,nan,nan,nan,nan,nan,nan
-8.000000,-4.479033,-1.173155,-6.875491,-2.178346,-6.875491,-2.178346,nan,nan,nan,nan,nan,nan,nan,nan
-8.000000,-4.479033,-1.173155,-6.895513,-2.193140,-6.895513,-2.193140,nan,nan,nan,nan,nan,nan,nan,nan
-8.000000,-4.479033,-1.173155,-6.915573,-2.208051,-6.915573,-2.208051,nan,nan,nan,nan,nan,nan,nan,nan
-8.000000,-4.479033,-1.173155,-6.935665,-2.223080,-6.935665,-2.223080,nan,nan,nan,nan,nan,nan,nan,nan
-8.000000,-4.479033,-1.173155,-6.955795,-2.238228,-6.955795,-2.238228,nan,nan,nan,nan,nan,nan,nan,nan
-8.000000,-4.479033,-1.173155,-6.975963,-2.253494,-6.975963,-2.253494,nan,nan,nan,nan,nan,nan,nan,nan
-8.000000,-4.479033,-1.173155,-6.996170,-2.268879,-6.996170,-2.268879,nan,nan,nan,nan,nan,nan,nan,nan
-8.000000,-4.479033,-1.173155,-7.016413,-2.284383,-7.016413,-2.284383,nan,nan,nan,nan,nan,nan,nan,nan
-8.000000,-4.479033,-1.173155,-7.036693,-2.300007,-7.036693,-2.300007,nan,nan,nan,nan,nan,nan,nan,nan
-8.000000,-4.479033,-1.173155,-7.057009,-2.315751,-7.057009,-2.315751,nan,nan,nan,nan,nan,nan,nan,nan
-8.000000,-4.479033,-1.173155,-7.077356,-2.331614,-7.077356,-2.331614,nan,nan,nan,nan,nan,nan,nan,nan
-8.000000,-4.479033,-1.173155,-7.097739,-2.347599,-7.097739,-2.347599,nan,nan,nan,nan,nan,nan,nan,nan
-8.000000,-4.479033,-1.173155,-7.118160,-2.363704,-7.118160,-2.363704,nan,nan,nan,nan,nan,nan,nan,nan
-8.000000,-4.479033,-1.173155,-7.138621,-2.379930,-7.138621,-2.379930,nan,nan,nan,nan,nan,nan,nan,nan
-8.000000,-4.479033,-1.173155,-7.159121,-2.396278,-7.159121,-2.396278,nan,nan,nan,nan,nan,nan,nan,nan
-8.000000,-4.479033,-1.173155,-7.179656,-2.412747,-7.179656,-2.412747,nan,nan,nan,nan,nan,nan,nan,nan
-8.000000,-4.479033,-1.173155,-7.200227,-2.429339,-7.200227,-2.429339,nan,nan,nan,nan,nan,nan,nan,nan
-8.000000,-4.479033,-1.173155,-7.220837,-2.446053,-7.220837,-2.446053,nan,nan,nan,nan,nan,nan,nan,nan
-8.000000,-4.479033,-1.173155,-7.241486,-2.462891,-7.241486,-2.462891,nan,nan,nan,nan,nan,nan,nan,nan
-8.000000,-4.479033,-1.173155,-7.262172,-2.479851,-7.262172,-2.479851,nan,nan,nan,nan,nan,nan,nan,nan
-8.000000,-4.479033,-1.173155,-7.282897,-2.496935,-7.282897,-2.496935,nan,nan,nan,nan,nan,nan,nan,nan
-8.000000,-4.479033,-1.173155,-7.303655,-2.514143,-7.303655,-2.514143,nan,nan,nan,nan,nan,nan,nan,nan
-8.000000,-4.479033,-1.173155,-7.324448,-2.531475,-7.324448,-2.531475,nan,nan,nan,nan,nan,nan,nan,nan
-8.000000,-4.479033,-1.173155,-7.345277,-2.548932,-7.345277,-2.548932,nan,nan,nan,nan,nan,nan,nan,nan
-8.000000,-4.479033,-1.173155,-7.366147,-2.566514,-7.366147,-2.566514,nan,nan,nan,nan,nan,nan,nan,nan
-8.000000,-4.479033,-1.173155,-7.387056,-2.584221,-7.387056,-2.584221,nan,nan,nan,nan,nan,nan,nan,nan
-8.000000,-4.479033,-1.173155,-7.408001,-2.602054,-7.408001,-2.602054,nan,nan,nan,nan,nan,nan,nan,nan
-8.000000,-4.479033,-1.173155,-7.428988,-2.620014,-7.428988,-2.620014,nan,nan,nan,nan,nan,nan,nan,nan
-8.000000,-4.479033,-1.173155,-7.450010,-2.638099,-7.450010,-2.638099,nan,nan,nan,nan,nan,nan,nan,nan
-8.000000,-4.479033,-1.173155,-7.471073,-2.656312,-7.471073,-2.656312,nan,nan,nan,nan,nan,nan,nan,nan
-8.000000,-4.479033,-1.173155,-7.492172,-2.674652,-7.492172,-2.674652,nan,nan,nan,nan,nan,nan,nan,nan
-8.000000,-4.479033,-1.173155,-7.513313,-2.693120,-7.513313,-2.693120,nan,nan,nan,nan,nan,nan,nan,nan
-8.000000,-4.479033,-1.173155,-7.534493,-2.711716,-7.534493,-2.711716,nan,nan,nan,nan,nan,nan,nan,nan
-8.000000,-4.479033,-1.173155,-7.555714,-2.730440,-7.555714,-2.730440,nan,nan,nan,nan,nan,nan,nan,nan
-8.000000,-4.479033,-1.173155,-7.576969,-2.749294,-7.576969,-2.749294,nan,nan,nan,nan,nan,nan,nan,nan
-8.000000,-4.479033,-1.173155,-7.598264,-2.768276,-7.598264,-2.768276,nan,nan,nan,nan,nan,nan,nan,nan
-8.000000,-4.479033,-1.173155,-7.619593,-2.787389,-7.619593,-2.787389,nan,nan,nan,nan,nan,nan,nan,nan
-8.000000,-4.479033,-1.173155,-7.640960,-2.806631,-7.640960,-2.806631,nan,nan,nan,nan,nan,nan,nan,nan
-8.000000,-4.479033,-1.173155,-7.662367,-2.826004,-7.662367,-2.826004,nan,nan,nan,nan,nan,nan,nan,nan
-8.000000,-4.479033,-1.173155,-7.683816,-2.845508,-7.683816,-2.845508,nan,nan,nan,nan,nan,nan,nan,nan
-8.000000,-4.479033,-1.173155,-7.705302,-2.865143,-7.705302,-2.865143,nan,nan,nan,nan,nan,nan,nan,nan
-8.000000,-4.479033,-1.173155,-7.726826,-2.884910,-7.726826,-2.884910,nan,nan,nan,nan,nan,nan,nan,nan
-8.000000,-4.479033,-1.173155,-7.748392,-2.904809,-7.748392,-2.904809,nan,nan,nan,nan,nan,nan,nan,nan
-8.000000,-4.479033,-1.173155,-7.769999,-2.924841,-7.769999,-2.924841,nan,nan,nan,nan,nan,nan,nan,nan
-8.000000,-4.479033,-1.173155,-7.791645,-2.945006,-7.791645,-2.945006,nan,nan,nan,nan,nan,nan,nan,nan
-8.000000,-4.479033,-1.173155,-7.813332,-2.965304,-7.813332,-2.965304,nan,nan,nan,nan,nan,nan,nan,nan
-8.000000,-4.479033,-1.173155,-7.835057,-2.985737,-7.835057,-2.985737,nan,nan,nan,nan,nan,nan,nan,nan
-8.000000,-4.479033,-1.173155,-7.856824,-3.006304,-7.856824,-3.006304,nan,nan,nan,nan,nan,nan,nan,nan
-8.000000,-4.479033,-1.173155,-7.878631,-3.027005,-7.878631,-3.027005,nan,nan,nan,nan,nan,nan,nan,nan
-8.000000,-4.479033,-1.173155,-7.900479,-3.047842,-7.900479,-3.047842,nan,nan,nan,nan,nan,nan,nan,nan
-8.000000,-4.479033,-1.173155,-7.922369,-3.068815,-7.922369,-3.068815,nan,nan,nan,nan,nan,nan,nan,nan
-8.000000,-4.479033,-1.173155,-7.944299,-3.089924,-7.944299,-3.089924,nan,nan,nan,nan,nan,nan,nan,nan
-8.000000,-4.479033,-1.173155,-7.966267,-3.111169,-7.966267,-3.111169,nan,nan,nan,nan,nan,nan,nan,nan
-8.000000,-4.479033,-1.173155,-7.988278,-3.132552,-7.988278,-3.132552,nan,nan,nan,nan,nan,nan,nan,nan
-8.000000,-4.479033,-1.173155,-8.010329,-3.154072,-7.552478,-3.148747,2.889901,0.000000,2.015874,-inf,nan,nan,nan,nan
-8.000000,nan,nan,nan,nan,nan,nan,2.889901,0.000000,nan,nan,nan,nan,nan,nan
-8.000000,nan,nan,nan,nan,nan,nan,2.889901,0.000000,nan,nan,nan,nan,nan,nan
-8.000000,nan,nan,nan,nan,nan,nan,2.889901,0.000000,nan,nan,nan,nan,nan,nan
-8.000000,nan,nan,nan,nan,nan,nan,2.889901,0.000000,nan,nan,nan,nan,nan,nan
-8.000000,nan,nan,nan,nan,nan,nan,0.000000,-inf,nan,nan,nan,nan,nan,nan
-8.000000,nan,nan,nan,nan,nan,nan,2.889901,0.000000,nan,nan,nan,nan,nan,nan
-8.000000,-4.479033,-1.173155,-7.575452,-3.170405,-7.575452,-3.170405,nan,nan,nan,nan,nan,nan,nan,nan
-8.000000,-4.479033,-1.173155,-7.598493,-3.192201,-7.598493,-3.192201,nan,nan,nan,nan,nan,nan,nan,nan
-8.000000,-4.479033,-1.173155,-7.621606,-3.214135,-7.621606,-3.214135,nan,nan,nan,nan,nan,nan,nan,nan
-8.000000,-4.479033,-1.173155,-7.644798,-3.236210,-7.644798,-3.236210,nan,nan,nan,nan,nan,nan,nan,nan
-8.000000,-4.479033,-1.173155,-7.668063,-3.258424,-7.668063,-3.258424,nan,nan,nan,nan,nan,nan,nan,nan
-8.000000,-4.479033,-1.173155,-7.691395,-3.280779,-7.691395,-3.280779,nan,nan,nan,nan,nan,nan,nan,nan
-8.000000,-4.479033,-1.173155,-7.714799,-3.303275,-7.714799,-3.303275,nan,nan,nan,nan,nan,nan,nan,nan
-8.000000,-4.479033,-1.173155,-7.766608,-3.325912,-7.766608,-3.325912,nan,nan,nan,nan,nan,nan,nan,nan
-8.000000,-4.479033,-1.173155,-7.818741,-3.348692,-7.818741,-3.348692,nan,nan,nan,nan,nan,nan,nan,nan
-8.000000,-4.479033,-1.173155,-7.871189,-3.371614,-7.871189,-3.371614,nan,nan,nan,nan,nan,nan,nan,nan
-8.000000,-4.479033,-1.173155,-7.923954,-3.394678,-7.923954,-3.394678,nan,nan,nan,nan,nan,nan,nan,nan
-8.000000,-4.479033,-1.173155,-7.977029,-3.417887,-7.977029,-3.417887,nan,nan,nan,nan,nan,nan,nan,nan
-8.000000,-4.479033,-1.173155,-8.030423,-3.441239,-7.858843,-3.405313,0.000000,-inf,3.438221,-inf,nan,nan,nan,nan
-8.000000,nan,nan,nan,nan,nan,nan,0.000000,-inf,3.438221,-inf,nan,nan,nan,nan
-8.000000,nan,nan,nan,nan,nan,nan,0.000000,-inf,3.438221,0.000000,nan,nan,nan,nan
-8.000000,nan,nan,nan,nan,nan,nan,0.000000,-inf,3.438221,0.000000,nan,nan,nan,nan
-8.000000,nan,nan,nan,nan,nan,nan,0.000000,-inf,3.438221,-0.416179,nan,nan,nan,nan
-8.000000,nan,nan,nan,nan,nan,nan,0.000000,-inf,3.438221,-0.416179,nan,nan,nan,nan
-8.000000,nan,nan,nan,nan,nan,nan,0.000000,-inf,3.438221,0.000000,nan,nan,nan,nan
-8.000000,nan,nan,nan,nan,nan,nan,0.000000,-inf,3.438221,0.000000,nan,nan,nan,nan
-8.000000,-4.479033,-1.173155,-7.908605,-3.428592,-7.908605,-3.428592,nan,nan,nan,nan,nan,nan,nan,nan
-8.000000,-4.479033,-1.173155,-7.958651,-3.452016,-7.958651,-3.452016,nan,nan,nan,nan,nan,nan,nan,nan
-8.000000,-4.479033,-1.173155,-8.008980,-3.475584,-7.928715,-3.441114,0.000000,-inf,3.344945,0.000000,nan,nan,nan,nan
-8.000000,nan,nan,nan,nan,nan,nan,0.000000,-inf,3.344945,0.000000,nan,nan,nan,nan
-8.000000,nan,nan,nan,nan,nan,nan,0.000000,-inf,3.344945,0.000000,nan,nan,nan,nan
-8.000000,nan,nan,nan,nan,nan,nan,0.000000,-inf,3.344945,0.000000,nan,nan,nan,nan
-8.000000,nan,nan,nan,nan,nan,nan,0.000000,-inf,3.344945,0.000000,nan,nan,nan,nan
-8.000000,nan,nan,nan,nan,nan,nan,0.000000,-inf,3.344945,0.000000,nan,nan,nan,nan
-8.000000,nan,nan,nan,nan,nan,nan,0.000000,-inf,3.344945,0.000000,nan,nan,nan,nan
-8.000000,nan,nan,nan,nan,nan,nan,0.000000,-inf,3.344945,-0.371798,nan,nan,nan,nan
-8.000000,-4.479033,-1.173155,-7.952851,-3.464631,-7.952851,-3.464631,nan,nan,nan,nan,nan,nan,nan,nan
-8.000000,-4.479033,-1.173155,-7.977055,-3.488292,-7.977055,-3.488292,nan,nan,nan,nan,nan,nan,nan,nan
-8.000000,-4.479033,-1.173155,-8.001333,-3.512097,-7.688426,-3.510990,3.504829,0.000000,nan,nan,nan,nan,nan,nan
-8.000000,-4.479033,-1.173155,-7.732508,-3.534936,-7.732508,-3.534936,nan,nan,nan,nan,nan,nan,nan,nan
-8.000000,-4.479033,-1.173155,-7.776803,-3.559028,-7.776803,-3.559028,nan,nan,nan,nan,nan,nan,nan,nan
-8.000000,-4.479033,-1.173155,-7.821316,-3.583267,-7.821316,-3.583267,nan,nan,nan,nan,nan,nan,nan,nan
-8.000000,-4.479033,-1.173155,-7.866054,-3.607653,-7.866054,-3.607653,nan,nan,nan,nan,nan,nan,nan,nan
-8.000000,-4.479033,-1.173155,-7.911003,-3.632186,-7.911003,-3.632186,nan,nan,nan,nan,nan,nan,nan,nan
-8.000000,-4.479033,-1.173155,-7.956181,-3.656868,-7.956181,-3.656868,nan,nan,nan,nan,nan,nan,nan,nan
-8.000000,-4.479033,-1.173155,-8.001570,-3.681698,-7.647486,-3.658154,0.000000,-inf,3.207738,0.000000,nan,nan,nan,nan
-8.000000,nan,nan,nan,nan,nan,nan,0.000000,-inf,3.207738,0.000000,nan,nan,nan,nan
-8.000000,nan,nan,nan,nan,nan,nan,0.000000,-inf,3.207738,0.000000,nan,nan,nan,nan
-8.000000,nan,nan,nan,nan,nan,nan,0.000000,-inf,3.207738,0.000000,nan,nan,nan,nan
-8.000000,nan,nan,nan,nan,nan,nan,0.000000,-inf,3.207738,0.000000,nan,nan,nan,nan
-8.000000,nan,nan,nan,nan,nan,nan,0.000000,-inf,3.207738,-0.272927,nan,nan,nan,nan
-8.000000,nan,nan,nan,nan,nan,nan,0.398429,0.000000,nan,nan,nan,nan,nan,nan
-8.000000,nan,nan,nan,nan,nan,nan,0.398429,0.000000,nan,nan,nan,nan,nan,nan
-8.000000,-4.479033,-1.173155,-7.691798,-3.683013,-7.691798,-3.683013,nan,nan,nan,nan,nan,nan,nan,nan
-8.000000,-4.479033,-1.173155,-7.736338,-3.708022,-7.736338,-3.708022,nan,nan,nan,nan,nan,nan,nan,nan
-8.000000,-4.479033,-1.173155,-7.781112,-3.733181,-7.781112,-3.733181,nan,nan,nan,nan,nan,nan,nan,nan
-8.000000,-4.479033,-1.173155,-7.826115,-3.758490,-7.826115,-3.758490,nan,nan,nan,nan,nan,nan,nan,nan
-8.000000,-4.479033,-1.173155,-7.871339,-3.783950,-7.871339,-3.783950,nan,nan,nan,nan,nan,nan,nan,nan
-8.000000,-4.479033,-1.173155,-7.916803,-3.809562,-7.916803,-3.809562,nan,nan,nan,nan,nan,nan,nan,nan
-8.000000,-4.479033,-1.173155,-7.962498,-3.835326,-7.962498,-3.835326,nan,nan,nan,nan,nan,nan,nan,nan
-8.000000,-4.479033,-1.173155,-8.008425,-3.861242,-7.806662,-3.854393,0.000000,-inf,0.201763,-inf,nan,nan,nan,nan
-8.000000,nan,nan,nan,nan,nan,nan,0.000000,-inf,0.201763,-inf,nan,nan,nan,nan
-8.000000,-4.479033,-1.173155,-7.846715,-3.880430,-7.846715,-3.880430,nan,nan,nan,nan,nan,nan,nan,nan
-8.000000,-4.479033,-1.173155,-7.886986,-3.906620,-7.886986,-3.906620,nan,nan,nan,nan,nan,nan,nan,nan
-8.000000,-4.479033,-1.173155,-7.927473,-3.932965,-7.927473,-3.932965,nan,nan,nan,nan,nan,nan,nan,nan
-8.000000,-4.479033,-1.173155,-7.968181,-3.959465,-7.968181,-3.959465,nan,nan,nan,nan,nan,nan,nan,nan
-8.000000,-4.479033,-1.173155,-8.009105,-3.986120,-8.009105,-3.986120,0.000000,-inf,0.000000,-inf,0.000000,-15.715888,0.000000,-29.424170
-8.000000,nan,nan,nan,nan,nan,nan,0.000000,-inf,0.000000,-inf,0.000000,-15.715888,0.000000,-29.424170
-8.000000,nan,nan,nan,nan,nan,nan,0.000000,-inf,0.000000,-inf,0.000000,-15.715888,0.000000,-29.424170
-8.000000,nan,nan,nan,nan,nan,nan,0.000000,-inf,0.000000,-inf,0.000000,-15.715888,0.000000,-29.424170
-8.000000,-4.479033,-1.173155,-8.050251,-4.012931,-7.898649,-4.011174,2.915376,0.000000,nan,nan,nan,nan,nan,nan
-8.000000,nan,nan,nan,nan,nan,nan,2.915376,0.000000,nan,nan,nan,nan,nan,nan
-8.000000,-4.479033,-1.173155,-7.937373,-4.038137,-7.937373,-4.038137,nan,nan,nan,nan,nan,nan,nan,nan
-8.000000,-4.479033,-1.173155,-7.976246,-4.065256,-7.976246,-4.065256,nan,nan,nan,nan,nan,nan,nan,nan
-8.000000,-4.479033,-1.173155,-8.015275,-4.092534,-7.435019,-4.068553,0.000000,-inf,3.095498,0.000000,nan,nan,nan,nan
-8.000000,nan,nan,nan,nan,nan,nan,0.000000,-inf,3.095498,0.000000,nan,nan,nan,nan
-8.000000,nan,nan,nan,nan,nan,nan,0.000000,-inf,3.095498,0.000000,nan,nan,nan,nan
-8.000000,nan,nan,nan,nan,nan,nan,1.105969,0.000000,3.095498,0.000000,nan,nan,nan,nan
-8.000000,nan,nan,nan,nan,nan,nan,0.000000,-inf,3.095498,0.000000,nan,nan,nan,nan
-8.000000,nan,nan,nan,nan,nan,nan,0.000000,-inf,3.095498,-inf,nan,nan,nan,nan
-8.000000,nan,nan,nan,nan,nan,nan,0.000000,-inf,3.095498,0.000000,nan,nan,nan,nan
-8.000000,nan,nan,nan,nan,nan,nan,0.000000,-inf,nan,nan,nan,nan,nan,nan
-8.000000,-4.479033,-1.173155,-7.466294,-4.095901,-7.466294,-4.095901,nan,nan,nan,nan,nan,nan,nan,nan
-8.000000,-4.479033,-1.173155,-7.497641,-4.123408,-7.497641,-4.123408,nan,nan,nan,nan,nan,nan,nan,nan
-8.000000,-4.479033,-1.173155,-7.529075,-4.151074,-7.529075,-4.151074,nan,nan,nan,nan,nan,nan,nan,nan
-8.000000,-4.479033,-1.173155,-7.560580,-4.178901,-7.560580,-4.178901,nan,nan,nan,nan,nan,nan,nan,nan
-8.000000,-4.479033,-1.173155,-7.592159,-4.206889,-7.592159,-4.206889,nan,nan,nan,nan,nan,nan,nan,nan
-8.000000,-4.479033,-1.173155,-7.623824,-4.235038,-7.623824,-4.235038,nan,nan,nan,nan,nan,nan,nan,nan
-8.000000,-4.479033,-1.173155,-7.655562,-4.263349,-7.655562,-4.263349,nan,nan,nan,nan,nan,nan,nan,nan
-8.000000,-4.479033,-1.173155,-7.687373,-4.291823,-7.687373,-4.291823,nan,nan,nan,nan,nan,nan,nan,nan
-8.000000,-4.479033,-1.173155,-7.719266,-4.320460,-7.719266,-4.320460,nan,nan,nan,nan,nan,nan,nan,nan
-8.000000,-4.479033,-1.173155,-7.751232,-4.349261,-7.751232,-4.349261,nan,nan,nan,nan,nan,nan,nan,nan
-8.000000,-4.479033,-1.173155,-7.784410,-4.378227,-7.784410,-4.378227,nan,nan,nan,nan,nan,nan,nan,nan
-8.000000,-4.479033,-1.173155,-7.822536,-4.407359,-7.822536,-4.407359,nan,nan,nan,nan,nan,nan,nan,nan
-8.000000,-4.479033,-1.173155,-7.860824,-4.436656,-7.860824,-4.436656,nan,nan,nan,nan,nan,nan,nan,nan
-8.000000,-4.479033,-1.173155,-7.899264,-4.466121,-7.899264,-4.466121,nan,nan,nan,nan,nan,nan,nan,nan
-8.000000,-4.479033,-1.173155,-7.937865,-4.495752,-7.937865,-4.495752,nan,nan,nan,nan,nan,nan,nan,nan
-8.000000,-4.479033,-1.173155,-7.976635,-4.525552,-7.976635,-4.525552,nan,nan,nan,nan,nan,nan,nan,nan
-8.000000,-4.479033,-1.173155,-8.015569,-4.555520,-7.977193,-4.555616,0.208947,0.000000,nan,nan,nan,nan,nan,nan
-8.000000,-4.479033,-1.173155,-8.009795,-4.585753,-7.843802,-4.582206,0.000000,-inf,0.000000,-inf,0.000000,-31.638387,0.549192,0.000000
-8.000000,nan,nan,nan,nan,nan,nan,0.000000,-inf,2.034453,0.000000,0.000000,-31.638387,0.549192,0.000000
-8.000000,nan,nan,nan,nan,nan,nan,0.000000,-inf,0.000000,-inf,0.000000,-18.680840,0.550091,0.000000
-8.000000,nan,nan,nan,nan,nan,nan,0.000000,-inf,0.000000,-inf,nan,nan,nan,nan
-8.000000,nan,nan,nan,nan,nan,nan,0.000000,-inf,2.034453,0.000000,nan,nan,nan,nan
-8.000000,nan,nan,nan,nan,nan,nan,0.000000,-inf,nan,nan,nan,nan,nan,nan
-8.000000,nan,nan,nan,nan,nan,nan,0.000000,-inf,nan,nan,nan,nan,nan,nan
-8.000000,nan,nan,nan,nan,nan,nan,0.000000,-inf,nan,nan,nan,nan,nan,nan
-8.000000,-4.479033,-1.173155,-7.881170,-4.612506,-7.881170,-4.612506,nan,nan,nan,nan,nan,nan,nan,nan
-8.000000,-4.479033,-1.173155,-7.918727,-4.642978,-7.918727,-4.642978,nan,nan,nan,nan,nan,nan,nan,nan
-8.000000,-4.479033,-1.173155,-7.956472,-4.673620,-7.956472,-4.673620,nan,nan,nan,nan,nan,nan,nan,nan
-8.000000,-4.479033,-1.173155,-7.994404,-4.704436,-7.994404,-4.704436,nan,nan,nan,nan,nan,nan,nan,nan
-8.000000,-4.479033,-1.173155,-8.032527,-4.735424,-7.985274,-4.735403,0.128305,0.000000,nan,nan,nan,nan,nan,nan
-8.000000,nan,nan,nan,nan,nan,nan,0.000000,-inf,nan,nan,nan,nan,nan,nan
-8.000000,-4.479033,-1.173155,-8.013964,-4.766565,-7.693880,-4.765530,1.630892,0.000000,nan,nan,nan,nan,nan,nan
-8.000000,nan,nan,nan,nan,nan,nan,1.630892,0.000000,nan,nan,nan,nan,nan,nan
-8.000000,-4.479033,-1.173155,-7.724947,-4.796862,-7.724947,-4.796862,nan,nan,nan,nan,nan,nan,nan,nan
-8.000000,-4.479033,-1.173155,-7.757277,-4.828370,-7.757277,-4.828370,nan,nan,nan,nan,nan,nan,nan,nan
-8.000000,-4.479033,-1.173155,-7.791970,-4.860054,-7.791970,-4.860054,nan,nan,nan,nan,nan,nan,nan,nan
-8.000000,-4.479033,-1.173155,-7.826820,-4.891914,-7.826820,-4.891914,nan,nan,nan,nan,nan,nan,nan,nan
-8.000000,-4.479033,-1.173155,-7.861827,-4.923952,-7.861827,-4.923952,nan,nan,nan,nan,nan,nan,nan,nan
-8.000000,-4.479033,-1.173155,-7.896993,-4.956168,-7.896993,-4.956168,nan,nan,nan,nan,nan,nan,nan,nan
-8.000000,-4.479033,-1.173155,-7.932320,-4.988563,-7.932320,-4.988563,nan,nan,nan,nan,nan,nan,nan,nan
-8.000000,-4.479033,-1.173155,-7.967806,-5.021138,-7.967806,-5.021138,nan,nan,nan,nan,nan,nan,nan,nan
-8.000000,-4.479033,-1.173155,-8.003449,-5.053893,-8.003449,-5.053893,0.000000,-inf,0.000000,-inf,0.000000,-18.719550,0.000000,-33.703551
-8.000000,nan,nan,nan,nan,nan,nan,0.000000,-inf,0.000000,-inf,0.000000,-39.592321,0.000000,-33.703551
-8.000000,-4.479033,-1.173155,-8.039254,-5.086829,-8.039254,-5.084314,0.000000,-inf,0.000000,-inf,0.000000,-14.201325,0.000000,-33.883729
-8.000000,nan,nan,nan,nan,nan,nan,0.000000,-inf,0.000000,-inf,0.000000,-13.878348,0.000000,-33.883729
-8.000000,nan,nan,nan,nan,nan,nan,0.000000,-inf,0.000000,-inf,0.000000,-40.528214,0.873786,-22.963435
-8.000000,nan,nan,nan,nan,nan,nan,0.000000,-inf,0.000000,-inf,0.000000,-19.146819,0.000000,-0.001051
-8.000000,nan,nan,nan,nan,nan,nan,0.000000,-inf,0.199152,-inf,0.000000,-10.126294,0.000000,-0.001005
-8.000000,nan,nan,nan,nan,nan,nan,0.000000,-inf,0.000000,-inf,0.000000,-28.828144,0.000000,-0.001005
-8.000000,nan,nan,nan,nan,nan,nan,0.000000,-inf,0.000000,-inf,nan,nan,nan,nan
-8.000000,-4.479033,-1.173155,-8.075219,-5.117423,-8.075219,-5.117423,0.000000,-inf,0.000000,-inf,0.000000,-2.194833,0.000000,-21.673713
-8.000000,nan,nan,nan,nan,nan,nan,0.000000,-inf,0.000000,-inf,0.000000,-2.019093,0.000000,-21.673713
-8.000000,nan,nan,nan,nan,nan,nan,0.000000,-inf,0.000000,-inf,0.000000,-34.190809,0.000000,-0.001252
-8.000000,nan,nan,nan,nan,nan,nan,0.000000,-inf,0.000000,-inf,0.000000,-24.041670,0.000000,-0.001202
-8.000000,nan,nan,nan,nan,nan,nan,0.000000,-inf,0.000000,-inf,0.000000,-21.622842,0.000000,-0.001202
-8.000000,-4.479033,-1.173155,-8.111348,-5.150715,-8.111348,-5.150715,0.000000,-inf,0.000000,-inf,0.000000,-3.167226,0.000000,-21.783701
-8.000000,nan,nan,nan,nan,nan,nan,0.000000,-inf,0.000000,-inf,0.000000,-3.167226,0.000000,-21.783701
-8.000000,nan,nan,nan,nan,nan,nan,0.000000,-inf,0.000000,-inf,0.000000,-1.082417,0.000000,-0.001470
-8.000000,nan,nan,nan,nan,nan,nan,0.000000,-inf,0.000000,-inf,0.000000,-21.832313,0.000000,-0.001418
-8.000000,nan,nan,nan,nan,nan,nan,0.000000,-inf,0.000000,-inf,0.000000,-24.094084,0.000000,-0.001418
-8.000000,-4.479033,-1.173155,-8.147634,-5.184191,-8.147634,-5.184191,0.000000,-inf,0.000000,-inf,0.000000,-19.995543,0.000000,-21.894191
-8.000000,nan,nan,nan,nan,nan,nan,0.000000,-inf,0.000000,-inf,0.000000,-2.029502,0.000000,-21.894191
-8.000000,nan,nan,nan,nan,nan,nan,0.000000,-inf,0.000000,-inf,0.000000,-10.930998,0.000000,-0.001704
-8.000000,nan,nan,nan,nan,nan,nan,0.000000,-inf,0.000000,-inf,0.000000,-13.430912,0.000000,-0.001650
-8.000000,nan,nan,nan,nan,nan,nan,0.000000,-inf,0.000000,-inf,0.000000,-18.939550,0.000000,-0.001650
-8.000000,-4.479033,-1.173155,-8.184085,-5.217851,-8.184085,-5.217851,0.000000,-inf,0.000000,-inf,0.000000,-2.211739,0.000000,-22.005210
-8.000000,nan,nan,nan,nan,nan,nan,0.000000,-inf,0.000000,-inf,0.000000,-13.315800,0.000000,-22.005210
-8.000000,nan,nan,nan,nan,nan,nan,0.000000,-inf,0.000000,-inf,0.000000,-73.263535,0.000000,-0.001958
-8.000000,nan,nan,nan,nan,nan,nan,0.000000,-inf,0.000000,-inf,0.000000,-17.190559,0.000000,-0.001900
-8.000000,nan,nan,nan,nan,nan,nan,0.000000,-inf,0.000000,-inf,0.000000,-1.053989,0.000000,-0.001900
-8.000000,-4.479033,-1.173155,-8.220698,-5.251696,-8.220698,-5.251696,0.000000,-inf,0.000000,-inf,0.000000,-28.574479,0.000000,-22.116730
-8.000000,nan,nan,nan,nan,nan,nan,0.000000,-inf,0.000000,-inf,0.000000,-5.884103,0.000000,-22.116730
-8.000000,nan,nan,nan,nan,nan,nan,0.000000,-inf,0.000000,-inf,0.000000,-417.370934,0.000000,-0.002229
-8.000000,nan,nan,nan,nan,nan,nan,0.000000,-inf,0.000000,-inf,0.000000,-19.033045,0.000000,-0.002169
-8.000000,nan,nan,nan,nan,nan,nan,0.000000,-inf,0.000000,-inf,0.000000,-21.124464,0.000000,-0.002169
-8.000000,nan,nan,nan,nan,nan,nan,0.000000,-inf,0.000000,-inf,0.000000,-17.812449,0.000000,-23.949922
-8.000000,-4.479033,-1.173155,-8.257472,-5.285726,-8.257472,-5.285726,0.000000,-inf,0.000000,-inf,0.000000,-3.198302,0.000000,-22.228786
-8.000000,nan,nan,nan,nan,nan,nan,0.000000,-inf,0.000000,-inf,0.000000,-3.198302,0.000000,-22.228786
-8.000000,nan,nan,nan,nan,nan,nan,0.000000,-inf,0.000000,-inf,0.000000,-22.084797,0.000000,-0.002519
-8.000000,nan,nan,nan,nan,nan,nan,0.000000,-inf,0.000000,-inf,0.000000,-35.002618,0.000000,-0.002456
-8.000000,nan,nan,nan,nan,nan,nan,0.000000,-inf,0.000000,-inf,0.000000,-24.305679,0.000000,-0.002456
-8.000000,nan,nan,nan,nan,nan,nan,0.000000,-inf,0.000000,-inf,0.000000,-4.143451,0.000000,-24.100339
-8.000000,nan,nan,nan,nan,nan,nan,0.000000,-inf,0.000000,-inf,0.000000,-10.226481,0.000000,-0.208335
-8.000000,-4.479033,-1.173155,-8.294410,-5.319944,-8.294410,-5.314872,0.000000,-inf,0.000000,-inf,0.000000,-2.228661,0.000000,-22.341346
-8.000000,nan,nan,nan,nan,nan,nan,0.000000,-inf,0.000000,-inf,0.000000,-2.228661,0.000000,-22.341346
-8.000000,nan,nan,nan,nan,nan,nan,0.000000,-inf,0.000000,-inf,0.000000,-21.217998,0.000000,-0.002828
-8.000000,nan,nan,nan,nan,nan,nan,0.000000,-inf,0.000000,-inf,0.000000,-11.094518,0.000000,-0.002762
-8.000000,nan,nan,nan,nan,nan,nan,0.000000,-inf,0.000000,-inf,0.000000,-17.578232,0.000000,-0.002762
-8.000000,nan,nan,nan,nan,nan,nan,0.000000,-inf,0.000000,-inf,0.000000,-665.663551,0.000000,-24.251270
-8.000000,nan,nan,nan,nan,nan,nan,0.000000,-inf,0.000000,-inf,0.000000,-682.177210,0.000000,-0.241255
-8.000000,nan,nan,nan,nan,nan,nan,0.000000,-inf,1.550761,-inf,nan,nan,nan,nan
-8.000000,nan,nan,nan,nan,nan,nan,0.000000,-inf,1.550761,0.000000,nan,nan,nan,nan
-8.000000,nan,nan,nan,nan,nan,nan,0.000000,-inf,1.472275,0.000000,nan,nan,nan,nan
-8.000000,-4.479033,-1.173155,-8.331510,-5.349273,-8.331510,-5.349273,0.000000,-inf,0.000000,-inf,0.000000,-17.145870,0.000000,-29.140884
-8.000000,nan,nan,nan,nan,nan,nan,0.000000,-inf,0.000000,-inf,0.000000,-24.406190,0.000000,-29.140884
-8.000000,nan,nan,nan,nan,nan,nan,0.000000,-inf,0.000000,-inf,0.000000,-25.674808,0.000000,-24.402739
-8.000000,nan,nan,nan,nan,nan,nan,0.000000,-inf,0.000000,-inf,0.000000,-11.585205,0.000000,-0.274227
-8.000000,-4.479033,-1.173155,-8.368774,-5.383862,-8.368774,-5.383862,0.000000,-inf,0.000000,-inf,0.000000,-19.121420,0.000000,-29.284152
-8.000000,nan,nan,nan,nan,nan,nan,0.000000,-inf,0.000000,-inf,0.000000,-17.184212,0.000000,-29.284152
-8.000000,nan,nan,nan,nan,nan,nan,0.000000,-inf,0.000000,-inf,0.000000,-12.798810,0.000000,-24.554761
-8.000000,nan,nan,nan,nan,nan,nan,0.000000,-inf,0.000000,-inf,0.000000,-19.257163,0.000000,-0.307258
-8.000000,-4.479033,-1.173155,-8.406202,-5.418641,-8.406202,-5.418345,0.000000,-inf,0.000000,-inf,0.000000,-3.229711,0.000000,-29.428026
-8.000000,nan,nan,nan,nan,nan,nan,0.000000,-inf,0.000000,-inf,0.000000,-3.229711,0.000000,-29.428026
-8.000000,nan,nan,nan,nan,nan,nan,0.000000,-inf,0.000000,-inf,0.000000,-12.725092,0.000000,-24.707315
-8.000000,nan,nan,nan,nan,nan,nan,0.000000,-inf,0.000000,-inf,0.000000,-0.922062,0.000000,-0.340338
-8.000000,nan,nan,nan,nan,nan,nan,0.000000,-inf,0.940463,-inf,nan,nan,nan,nan
-8.000000,-4.479033,-1.173155,-8.443797,-5.453326,-8.443797,-5.452297,0.000000,-inf,0.000000,-inf,0.000000,-15.363602,0.000000,-29.572520
-8.000000,nan,nan,nan,nan,nan,nan,0.000000,-inf,0.000000,-inf,0.000000,-47.882551,0.000000,-29.572520
-8.000000,nan,nan,nan,nan,nan,nan,0.000000,-inf,0.000000,-inf,0.000000,-14.008563,0.000000,-24.860397
-8.000000,nan,nan,nan,nan,nan,nan,0.000000,-inf,0.000000,-inf,0.000000,-13.584813,0.000000,-0.373455
-8.000000,nan,nan,nan,nan,nan,nan,0.000000,-inf,0.917815,-inf,nan,nan,nan,nan
-8.000000,nan,nan,nan,nan,nan,nan,0.000000,-inf,0.917815,-inf,nan,nan,nan,nan
-8.000000,nan,nan,nan,nan,nan,nan,0.000000,-inf,0.917815,-inf,nan,nan,nan,nan
-8.000000,nan,nan,nan,nan,nan,nan,0.000000,-inf,0.917815,-inf,nan,nan,nan,nan
-8.000000,-4.479033,-1.173155,-8.481556,-5.487522,-8.481556,-5.487522,0.000000,-inf,0.000000,-inf,0.000000,-20.512450,0.000000,-29.717613
-8.000000,nan,nan,nan,nan,nan,nan,0.000000,-inf,0.000000,-inf,0.000000,-3.245528,0.000000,-29.717613
-8.000000,nan,nan,nan,nan,nan,nan,0.000000,-inf,0.000000,-inf,0.000000,-12.868054,0.000000,-25.014035
-8.000000,nan,nan,nan,nan,nan,nan,0.000000,-inf,0.000000,-inf,0.000000,-0.937534,0.000000,-0.406629
-8.000000,-4.479033,-1.173155,-8.519481,-5.522939,-8.519481,-5.522939,0.000000,-inf,0.000000,-inf,0.000000,-23.011288,0.000000,-29.863311
-8.000000,nan,nan,nan,nan,nan,nan,0.000000,-inf,0.000000,-inf,0.000000,-2.262572,0.000000,-29.863311
-8.000000,nan,nan,nan,nan,nan,nan,0.000000,-inf,0.000000,-inf,0.000000,-42.661193,0.000000,-25.168217
-8.000000,nan,nan,nan,nan,nan,nan,0.000000,-inf,0.000000,-inf,0.000000,-14.558412,0.000000,-0.439858
-8.000000,-4.479033,-1.173155,-8.557572,-5.558549,-8.557572,-5.558549,0.000000,-inf,0.000000,-inf,0.000000,-3.261445,0.000000,-30.009629
-8.000000,nan,nan,nan,nan,nan,nan,0.000000,-inf,0.000000,-inf,0.000000,-3.261445,0.000000,-30.009629
-8.000000,nan,nan,nan,nan,nan,nan,0.000000,-inf,0.000000,-inf,0.000000,-1.815643,0.000000,-25.322937
-8.000000,nan,nan,nan,nan,nan,nan,0.000000,-inf,0.000000,-inf,0.000000,-11.220372,0.000000,-0.473130
-8.000000,-4.479033,-1.173155,-8.595832,-5.594352,-21.100667,-5.591798,0.000000,-inf,0.000000,-inf,0.000000,-15.206698,0.000000,-30.156555
-8.000000,nan,nan,nan,nan,nan,nan,0.000000,-inf,0.000000,-inf,0.000000,-15.447800,0.000000,-30.156555
-8.000000,nan,nan,nan,nan,nan,nan,0.000000,-inf,0.000000,-inf,0.000000,-693.598124,0.000000,-25.478201
-8.000000,nan,nan,nan,nan,nan,nan,0.000000,-inf,0.000000,-inf,0.000000,-18.762062,0.000000,-0.506446
-8.000000,nan,nan,nan,nan,nan,nan,0.000000,-inf,0.000000,0.000000,0.000000,-23.735952,0.000000,0.000000
-8.000000,nan,nan,nan,nan,nan,nan,0.000000,-inf,0.000000,0.000000,0.000000,-23.735952,0.000000,0.000000
-8.000000,nan,nan,nan,nan,nan,nan,0.000000,-inf,0.000000,0.000000,0.000000,-23.735952,0.000000,0.000000
-8.000000,nan,nan,nan,nan,nan,nan,0.000000,-inf,0.000000,0.000000,0.000000,-23.735952,0.000000,0.000000
-8.000000,nan,nan,nan,nan,nan,nan,0.000000,-inf,0.000000,0.000000,0.000000,-9.563313,0.000000,0.000000
-8.000000,nan,nan,nan,nan,nan,nan,0.000000,-inf,0.000000,0.000000,0.000000,-9.563313,0.000000,0.000000
-8.000000,nan,nan,nan,nan,nan,nan,0.000000,-inf,0.000000,0.000000,0.000000,-9.563313,0.000000,0.000000
-8.000000,nan,nan,nan,nan,nan,nan,0.000000,-inf,0.000000,0.000000,0.000000,-9.563313,0.000000,0.000000
-8.000000,nan,nan,nan,nan,nan,nan,0.000000,-inf,0.000000,-inf,0.000000,-14.763645,0.000000,-0.000012
-8.000000,nan,nan,nan,nan,nan,nan,0.000000,-inf,0.000000,-inf,0.000000,-14.763645,0.000000,-0.000012
-8.000000,nan,nan,nan,nan,nan,nan,0.000000,-inf,0.000000,-inf,0.000000,-14.763645,0.000000,-0.000012
-8.000000,nan,nan,nan,nan,nan,nan,0.000000,-inf,0.000000,-inf,0.000000,-14.763645,0.000000,-0.000012
-8.000000,nan,nan,nan,nan,nan,nan,0.000000,-inf,0.000000,-inf,0.000000,-14.763645,0.000000,-0.000012
-8.000000,nan,nan,nan,nan,nan,nan,0.000000,-inf,0.000000,-inf,0.000000,-14.763645,0.000000,-0.000012
-8.000000,nan,nan,nan,nan,nan,nan,0.000000,-inf,0.000000,-inf,0.000000,-14.763645,0.000000,-0.000012
-8.000000,nan,nan,nan,nan,nan,nan,0.000000,-inf,0.000000,-inf,0.000000,-14.763645,0.000000,-0.000012
-8.000000,nan,nan,nan,nan,nan,nan,0.000000,-inf,0.000000,-inf,0.000000,-41.171758,0.000000,-0.000012
-8.000000,nan,nan,nan,nan,nan,nan,0.000000,-inf,0.000000,-inf,0.000000,-22.411096,0.000000,-0.000012
-8.000000,nan,nan,nan,nan,nan,nan,0.000000,-inf,0.000000,-inf,0.000000,-22.411096,0.000000,-0.000012
-8.000000,nan,nan,nan,nan,nan,nan,0.000000,-inf,0.000000,-inf,0.000000,-22.411096,0.000000,-0.000012
-8.000000,nan,nan,nan,nan,nan,nan,0.000000,-inf,0.000000,-inf,0.000000,-22.411096,0.000000,-0.000012
-8.000000,nan,nan,nan,nan,nan,nan,0.000000,-inf,0.000000,-inf,0.000000,-22.411096,0.000000,-0.000012
-8.000000,nan,nan,nan,nan,nan,nan,0.000000,-inf,0.000000,-inf,0.000000,-22.411096,0.000000,-0.000012
-8.000000,nan,nan,nan,nan,nan,nan,0.000000,-inf,0.000000,-inf,0.000000,-22.411096,0.000000,-0.000012
-8.000000,nan,nan,nan,nan,nan,nan,0.000000,-inf,0.000000,-inf,0.000000,-51.842511,0.000000,-0.000013
-8.000000,nan,nan,nan,nan,nan,nan,0.000000,-inf,0.000000,-inf,0.000000,-14.797757,0.000000,-0.000013
-8.000000,nan,nan,nan,nan,nan,nan,0.000000,-inf,0.000000,-inf,0.000000,-14.779719,0.000000,-0.000013
-8.000000,nan,nan,nan,nan,nan,nan,0.000000,-inf,0.000000,-inf,0.000000,-51.842511,0.000000,-0.000013
-8.000000,nan,nan,nan,nan,nan,nan,0.000000,-inf,0.000000,-inf,0.000000,-17.431560,0.000000,-0.000013
-8.000000,nan,nan,nan,nan,nan,nan,0.000000,-inf,0.000000,-inf,0.000000,-17.733977,0.000000,-0.000013
-8.000000,nan,nan,nan,nan,nan,nan,0.000000,-inf,0.000000,-inf,0.000000,-14.797757,0.000000,-0.000013
-8.000000,nan,nan,nan,nan,nan,nan,0.000000,-inf,0.000000,-inf,0.000000,-14.779719,0.000000,-0.000013
-8.000000,nan,nan,nan,nan,nan,nan,0.000000,-inf,0.000000,-inf,0.000000,-14.797757,0.000000,-0.000013
-8.000000,nan,nan,nan,nan,nan,nan,0.000000,-inf,0.000000,-inf,0.000000,-14.779719,0.000000,-0.000013
-8.000000,nan,nan,nan,nan,nan,nan,0.000000,-inf,0.000000,-inf,0.000000,-14.779719,0.000000,-0.000013
-8.000000,nan,nan,nan,nan,nan,nan,0.000000,-inf,0.000000,-inf,0.000000,-14.779719,0.000000,-0.000013
-8.000000,nan,nan,nan,nan,nan,nan,0.000000,-inf,0.000000,-inf,0.000000,-14.797757,0.000000,-0.000013
-8.000000,nan,nan,nan,nan,nan,nan,0.000000,-inf,0.000000,-inf,0.000000,-14.779719,0.000000,-0.000013
-8.000000,nan,nan,nan,nan,nan,nan,0.000000,-inf,0.000000,-inf,0.000000,-14.779719,0.000000,-0.000013
-8.000000,nan,nan,nan,nan,nan,nan,0.000000,-inf,0.000000,-inf,0.000000,-14.797757,0.000000,-0.000013
-8.000000,nan,nan,nan,nan,nan,nan,0.000000,-inf,0.000043,-72.533759,0.000000,-280.367692,0.025242,-0.409532
-8.000000,nan,nan,nan,nan,nan,nan,0.000000,-inf,0.000043,-54.582078,0.000000,-210.809135,0.905513,-0.481522
-8.000000,nan,nan,nan,nan,nan,nan,0.000000,-inf,0.000043,-78.311174,0.000000,-536.583070,0.335861,-0.753885
-8.000000,nan,nan,nan,nan,nan,nan,0.000000,-inf,0.000043,-63.662594,0.000000,-331.857371,1.293017,-4.845293
-8.000000,nan,nan,nan,nan,nan,nan,0.000000,-inf,0.002106,-inf,0.000000,-279.805213,6.235900,-2.879209
-8.000000,nan,nan,nan,nan,nan,nan,0.000000,-inf,0.000043,-63.338711,0.000000,-492.838885,7.413139,-0.739168
-8.000000,nan,nan,nan,nan,nan,nan,0.000000,-inf,0.002127,-63.630998,0.000000,-277.648829,8.167142,-0.386420
-8.000000,nan,nan,nan,nan,nan,nan,0.000000,-inf,0.002107,-76.359242,0.000000,-315.105318,7.769179,-0.446267
-8.000000,nan,nan,nan,nan,nan,nan,0.000000,-inf,0.000000,-inf,0.000000,-18.174592,0.225779,0.000000
-8.000000,nan,nan,nan,nan,nan,nan,0.000000,-inf,0.000000,-inf,0.000000,-9.550935,0.225779,0.000000
-8.000000,nan,nan,nan,nan,nan,nan,0.000000,-inf,0.000000,-inf,0.000000,-14.795994,0.000000,-0.000007
-8.000000,nan,nan,nan,nan,nan,nan,0.000000,-inf,0.000000,-inf,0.000000,-14.795994,0.000000,-0.000007
-8.000000,nan,nan,nan,nan,nan,nan,0.000000,-inf,0.000000,-inf,0.000000,-14.795994,0.000000,-0.000007
-8.000000,nan,nan,nan,nan,nan,nan,0.000000,-inf,0.000000,-inf,0.000000,-30.729478,0.000000,-0.000007
-8.000000,nan,nan,nan,nan,nan,nan,0.000000,-inf,0.000000,-inf,0.000000,-17.763219,0.000000,-0.000007
-8.000000,nan,nan,nan,nan,nan,nan,0.000000,-inf,0.000000,-inf,0.000000,-17.763219,0.000000,-0.000007
-8.000000,nan,nan,nan,nan,nan,nan,0.000000,-inf,0.000000,-inf,0.000000,-17.726275,0.000000,-0.000007
-8.000000,nan,nan,nan,nan,nan,nan,0.000000,-inf,0.000000,-inf,0.000000,-14.795994,0.000000,-0.000007
-8.000000,nan,nan,nan,nan,nan,nan,0.000000,-inf,0.000000,-inf,0.000000,-14.795994,0.000000,-0.000007
-8.000000,nan,nan,nan,nan,nan,nan,0.000000,-inf,0.000000,-inf,0.000000,-17.726275,0.000000,-0.000007
-8.000000,nan,nan,nan,nan,nan,nan,0.000000,-inf,0.000000,-inf,0.000000,-14.795994,0.000000,-0.000007
-8.000000,nan,nan,nan,nan,nan,nan,0.000000,-inf,0.000000,-inf,0.000000,-14.795994,0.000000,-0.000007
-8.000000,nan,nan,nan,nan,nan,nan,0.000000,-inf,0.000000,-inf,0.000000,-30.729478,0.000000,-0.000007
-8.000000,nan,nan,nan,nan,nan,nan,0.000000,-inf,0.000000,-inf,0.000000,-17.763219,0.000000,-0.000007
-8.000000,nan,nan,nan,nan,nan,nan,0.000000,-3176520.163268,0.000000,-inf,0.000000,-17.763219,0.000000,-0.000007
-8.000000,nan,nan,nan,nan,nan,nan,0.000000,-3176646.431857,0.000000,-inf,0.000000,-14.795994,0.000000,-0.000007
-8.000000,nan,nan,nan,nan,nan,nan,0.000000,-2468484.729581,0.000000,-inf,0.000000,-33.024325,0.232762,-0.000007
-8.000000,nan,nan,nan,nan,nan,nan,0.000000,-3176319.556809,0.052416,-11227566.173642,0.000000,-240.807558,1.082818,-0.518461
-8.000000,nan,nan,nan,nan,nan,nan,0.000000,-3176520.088096,0.052354,-inf,0.000000,-227.712834,0.156946,-0.639554
-8.000000,nan,nan,nan,nan,nan,nan,0.000000,-3176520.238657,0.000044,-78.286414,0.000000,-146.039262,1.739791,-0.165692
-8.000000,nan,nan,nan,nan,nan,nan,0.000000,-2468723.828617,0.000044,-64.811673,0.000000,-711.831218,1.819244,-0.189246
-8.000000,nan,nan,nan,nan,nan,nan,0.000000,-3176319.556752,0.000000,-inf,0.000000,-14.147216,0.234015,-0.000000
-8.000000,nan,nan,nan,nan,nan,nan,0.000000,-inf,0.000000,-inf,0.000000,0.000000,0.232703,-0.000892
-8.000000,nan,nan,nan,nan,nan,nan,0.000000,-inf,0.048866,-96.427264,0.000000,-232.209809,0.156994,-0.116395
-8.000000,nan,nan,nan,nan,nan,nan,0.000000,-inf,0.019039,-inf,0.000000,-326.539556,2.941584,-40.905056
-8.000000,nan,nan,nan,nan,nan,nan,0.000000,-inf,0.029028,-102.166240,0.000000,-245.756720,0.267283,-0.143309
-8.000000,nan,nan,nan,nan,nan,nan,0.000000,-inf,0.001166,-64.142320,0.000000,-569.279949,32.584906,-1.426623
-8.000000,nan,nan,nan,nan,nan,nan,0.000000,-inf,0.057163,-54.854980,0.000000,-291.604043,6.362591,-54.836229
-8.000000,nan,nan,nan,nan,nan,nan,0.000000,-inf,0.098598,-69.482652,0.000000,-317.245088,4.065962,-18.227341
-8.000000,nan,nan,nan,nan,nan,nan,0.000000,-inf,0.008656,-63.633163,0.000000,-25.872794,0.000011,-0.005869
-8.000000,nan,nan,nan,nan,nan,nan,0.000000,-inf,0.054378,-54.874264,0.000000,-23.374256,0.000000,-0.005900
-8.000000,nan,nan,nan,nan,nan,nan,0.000000,-inf,0.000000,-85.773070,0.000000,-18.986835,2.190624,0.000000
-8.000000,nan,nan,nan,nan,nan,nan,0.000000,-inf,0.000000,-85.775235,0.000000,-14.892750,0.007702,0.000000
-8.000000,nan,nan,nan,nan,nan,nan,0.000000,-inf,0.000000,-inf,0.000000,-25.515387,0.000000,-13.586347
-8.000000,nan,nan,nan,nan,nan,nan,0.000000,-inf,0.000000,-inf,0.000000,-14.871306,0.000000,-13.586347
-8.000000,nan,nan,nan,nan,nan,nan,0.000000,-inf,0.000000,-inf,0.000000,-17.652680,0.000000,0.000000
-8.000000,nan,nan,nan,nan,nan,nan,0.000000,-inf,0.000000,-inf,0.000000,-14.848155,0.009202,-0.000012
-8.000000,nan,nan,nan,nan,nan,nan,0.000000,-inf,0.000000,-inf,0.000000,-398.281003,59.477523,-35.798482
-8.000000,nan,nan,nan,nan,nan,nan,0.000000,-inf,0.000000,-86.125331,0.000000,-572.402793,86.456919,-3.327622
-8.000000,nan,nan,nan,nan,nan,nan,0.000000,-inf,0.035108,-47.463650,0.000000,-26.325869,0.000008,-0.000007
-8.000000,nan,nan,nan,nan,nan,nan,0.000000,-inf,0.039723,-61.863827,0.000000,-32.670019,0.004948,-0.072661
-8.000000,nan,nan,nan,nan,nan,nan,0.000000,-inf,0.000000,-87.634393,0.000000,-4.880743,0.067085,-0.005033
-8.000000,nan,nan,nan,nan,nan,nan,0.000000,-inf,0.000000,-98.411353,0.000000,-14.779130,0.236380,-0.021987
-8.000000,nan,nan,nan,nan,nan,nan,0.000000,-inf,0.000000,-129.063780,0.000000,-353.139707,26.773354,-50.435962
-8.000000,nan,nan,nan,nan,nan,nan,0.000000,-inf,0.000000,-96.390713,0.000000,-11.537910,0.001365,0.000000
-8.000000,nan,nan,nan,nan,nan,nan,0.000000,-inf,0.266991,-79.510429,0.000000,-29.468556,0.000006,-0.004544
-8.000000,nan,nan,nan,nan,nan,nan,0.000000,-inf,0.000000,-107.603513,0.000000,0.000000,0.009348,-0.008203
-8.000000,nan,nan,nan,nan,nan,nan,0.000000,-inf,0.000000,-111.818787,0.000000,-14.023450,0.002351,-0.220148
-8.000000,nan,nan,nan,nan,nan,nan,0.000000,-inf,0.000000,-111.830512,0.000000,-23.213684,0.000000,-0.004215
-8.000000,nan,nan,nan,nan,nan,nan,0.000000,-inf,0.000000,-114.481907,0.000000,-25.371682,0.000000,-0.312612
-8.000000,nan,nan,nan,nan,nan,nan,0.000000,-inf,0.000000,-125.535188,0.000000,-9.705697,0.000070,-0.003275
-8.000000,nan,nan,nan,nan,nan,nan,0.000000,-inf,0.000000,-105.614207,nan,nan,nan,nan
-8.000000,nan,nan,nan,nan,nan,nan,0.000000,-inf,0.000000,-105.223686,nan,nan,nan,nan
-8.000000,nan,nan,nan,nan,nan,nan,0.000000,-inf,nan,nan,nan,nan,nan,nan
-8.000000,nan,nan,nan,nan,nan,nan,0.000000,-inf,nan,nan,nan,nan,nan,nan
-8.000000,nan,nan,nan,nan,nan,nan,0.000000,-inf,nan,nan,nan,nan,nan,nan
-8.000000,nan,nan,nan,nan,nan,nan,0.000000,-inf,nan,nan,nan,nan,nan,nan
-8.000000,nan,nan,nan,nan,nan,nan,0.000000,-inf,nan,nan,nan,nan,nan,nan
-8.000000,nan,nan,nan,nan,nan,nan,0.000000,-inf,nan,nan,nan,nan,nan,nan
-8.000000,nan,nan,nan,nan,nan,nan,0.000000,-inf,nan,nan,nan,nan,nan,nan
-8.000000,nan,nan,nan,nan,nan,nan,0.000000,-inf,nan,nan,nan,nan,nan,nan
-8.000000,nan,nan,nan,nan,nan,nan,0.000000,-inf,nan,nan,nan,nan,nan,nan
-8.000000,nan,nan,nan,nan,nan,nan,0.000000,-inf,nan,nan,nan,nan,nan,nan
-8.000000,nan,nan,nan,nan,nan,nan,0.000000,-inf,nan,nan,nan,nan,nan,nan
-8.000000,nan,nan,nan,nan,nan,nan,0.000000,-inf,nan,nan,nan,nan,nan,nan
-8.000000,nan,nan,nan,nan,nan,nan,0.000000,-inf,nan,nan,nan,nan,nan,nan
-8.000000,nan,nan,nan,nan,nan,nan,0.000000,-inf,nan,nan,nan,nan,nan,nan
-8.000000,nan,nan,nan,nan,nan,nan,0.000000,-inf,nan,nan,nan,nan,nan,nan
-8.000000,nan,nan,nan,nan,nan,nan,0.000000,-inf,nan,nan,nan,nan,nan,nan
-8.000000,nan,nan,nan,nan,nan,nan,0.000000,-inf,nan,nan,nan,nan,nan,nan
-8.000000,nan,nan,nan,nan,nan,nan,0.000000,-inf,nan,nan,nan,nan,nan,nan
-8.000000,nan,nan,nan,nan,nan,nan,0.000000,-inf,nan,nan,nan,nan,nan,nan
-8.000000,nan,nan,nan,nan,nan,nan,0.000000,-inf,nan,nan,nan,nan,nan,nan
-8.000000,nan,nan,nan,nan,nan,nan,0.000000,-inf,nan,nan,nan,nan,nan,nan
-8.000000,nan,nan,nan,nan,nan,nan,0.000000,-inf,nan,nan,nan,nan,nan,nan
-8.000000,nan,nan,nan,nan,nan,nan,0.000000,-inf,nan,nan,nan,nan,nan,nan
-8.000000,nan,nan,nan,nan,nan,nan,0.000000,-inf,nan,nan,nan,nan,nan,nan
-8.000000,nan,nan,nan,nan,nan,nan,0.000000,-inf,nan,nan,nan,nan,nan,nan
-8.000000,nan,nan,nan,nan,nan,nan,0.000000,-inf,nan,nan,nan,nan,nan,nan
-8.000000,nan,nan,nan,nan,nan,nan,0.000000,-inf,nan,nan,nan,nan,nan,nan
